area,section,page,address,address_hex,length_hex,type,rio_confidence,description
status_read,STATUS AREA READ—READ ONLY,123,FFFF F030 0000,FFFFF0300000,4,UI,explicit_or_general,Memory Map revision number
status_read,STATUS AREA READ—READ ONLY,123,FFFF F030 0004,FFFFF0300004,4,UI,explicit_or_general,Powerup Clear flag (0 = OK; anything else means a Powerup Clear is needed)
status_read,STATUS AREA READ—READ ONLY,123,FFFF F030 0008,FFFFF0300008,4,UI,explicit_or_general,Busy flag (0 = not busy; anything else means the unit is busy and cannot process your request)
status_read,STATUS AREA READ—READ ONLY,123,FFFF F030 000C,FFFFF030000C,4,I,explicit_or_general,Last error code (see page 107)
status_read,STATUS AREA READ—READ ONLY,123,FFFF F030 0010,FFFFF0300010,2,UI,explicit_or_general,Transaction label for previous transaction (lower 6 bits)
status_read,STATUS AREA READ—READ ONLY,123,FFFF F030 0012,FFFFF0300012,2,UI,explicit_or_general,Source address of the unit that sent the request. Zero-filled unless you use the optional Source_ID parameter in the packet. See “Parameters” on page 103.
status_read,STATUS AREA READ—READ ONLY,123,FFFF F030 0014,FFFFF0300014,4,UI,explicit_or_general,Error address for last error (lower 32 bits of offset)
status_read,STATUS AREA READ—READ ONLY,123,FFFF F030 0018,FFFFF0300018,4,UI,explicit_or_general,"Loader revision. 1st byte: major version number; 2nd byte: minor version number; 3rd byte: revision (0=A, 1=B, 2=R); 4th byte: letter (0=a, 1=b, 2=c, etc.) Note: For groov, this value is always 0 (zero)."
status_read,STATUS AREA READ—READ ONLY,123,FFFF F030 001C,FFFFF030001C,4,IP,explicit_or_general,"Firmware (kernel) revision. 1st byte: major version number; 2nd byte: minor version number; 3rd byte: revision (0=A, 1=B, 2=R); 4th byte: letter (0=a, 1=b, 2=c, etc.)"
status_read,STATUS AREA READ—READ ONLY,123,FFFF F030 0020,FFFFF0300020,4,UI,explicit_or_general,Unit type of the device:
status_read,STATUS AREA READ—READ ONLY,123,FFFF F030 0024,FFFFF0300024,1,UI,explicit_or_general,Hardware revision (Month)
status_read,STATUS AREA READ—READ ONLY,123,FFFF F030 0025,FFFFF0300025,1,UI,explicit_or_general,Hardware revision (Day)
status_read,STATUS AREA READ—READ ONLY,123,FFFF F030 0026,FFFFF0300026,2,UI,explicit_or_general,Hardware revision (Year)
status_read,STATUS AREA READ—READ ONLY,123,FFFF F030 0028,FFFFF0300028,4,UI,explicit_or_general,Number of bytes of installed RAM
status_read,STATUS AREA READ—READ ONLY,123,FFFF F030 002C,FFFFF030002C,2,–,explicit_or_general,Pad for alignment (Does not apply to SBs.)
status_read,STATUS AREA READ—READ ONLY,123,FFFF F030 002E,FFFFF030002E,6,UI,explicit_or_general,ENET1 MAC address. First three bytes of all Opto 22 Ethernet devices’ MAC addresses are 00-A0-3D. (Does not apply to SBs.) PR1/2 RIO PAC-R PAC-S EB SB UIO EIO SIO LCE E1 E2 G4EB2 0x0000004E = SNAP-PAC-R1-B 0x00000052 = OPTOEMU-SNR-DR2 0x00000056 = OPTOEMU-SNR-DR1 0x00000058 = G4EB2 0x0000005A = OPTOEMU-SNR-3V 0x0000005C = SNAP-PAC-SRA 0x00000062 = SNAP-PAC-SB2 0x00000064 = SNAP-PAC-SB1 0x00000066 = SNAP-PAC-R2-W 0x00000068 = SNAP-PAC-R1-W 0x0000006A = SNAP-PAC-S1-W 0x0000006C = SNAP-PAC-S2-W 0x00000070 = SNAP-PAC-EB2-W 0x00000072 = SNAP-PAC-EB1-W 0x00000074 = SNAP-PAC-EB2 0x00000076 = SNAP-PAC-EB1 0x00000078 = SNAP-PAC-R2 0x0000007A = SNAP-PAC-R1 0x0000007C = SNAP-PAC-S1 0x00000083 = SNAP-ENET-S64 0x0000008A = SNAP-UPN-ADS 0x0000008C = SNAP-UP1-M64 0x00000092 = SNAP-UP1-D64 0x00000093 = SNAP-UP1-ADS 0x00000094 = SNAP-WLAN-FH-ADS 0x00000097 = SNAP-ENET-D64 0x00000098 = SNAP-B3000-ENET or SNAP-ENET-RTC 0x000000E1 = E1 0x000000E2 = E2 0x00000101 = GRV-EPIC-PR1 0x00000103 = GRV-R7-MM1001-10 0x00000107 = GRV-EPIC-PR2 0x00000108 = GRV-R7-MM2001-10 0x00000193 = SNAP-LCE
status_read,STATUS AREA READ—READ ONLY,124,FFFF F030 0034,FFFFF0300034,4,IP,explicit_or_general,"ENET1 TCP/IP address (1.2.3.4 format: four 1-byte integers) (Not for SBs) (For ENET2, see FFFF F050.)"
status_read,STATUS AREA READ—READ ONLY,124,FFFF F030 0038,FFFFF0300038,4,IP,explicit_or_general,ENET1 TCP/IP subnet mask (1.2.3.4 format: four 1-byte integers) (Not for SBs)
status_read,STATUS AREA READ—READ ONLY,124,FFFF F030 003C,FFFFF030003C,4,IP,explicit_or_general,ENET1 TCP/IP default gateway (1.2.3.4 format: four 1-byte integers) (Not for SBs)
status_read,STATUS AREA READ—READ ONLY,124,FFFF F030 0040,FFFFF0300040,4,IP,explicit_or_general,ENET1 DNS server address (1.2.3.4 format: four 1-byte integers) (Not for SBs)
status_read,STATUS AREA READ—READ ONLY,124,FFFF F030 0044,FFFFF0300044,4,–,explicit_or_general,Reserved
status_read,STATUS AREA READ—READ ONLY,124,FFFF F030 0048,FFFFF0300048,4,UI,explicit_or_general,"Device sends BootP request (UIO, EIO, SIO, LCE) or DHCP request (E1, E2) when turned on: 0 = Only if device’s IP address is 0.0.0.0. (Current IP address is static.) 1 = Whenever device is turned on. (Current IP address is dynamic.) (Does not apply to SBs.)"
status_read,STATUS AREA READ—READ ONLY,124,FFFF F030 004C,FFFFF030004C,4,B,explicit_or_general,Degrees are in F or C (Valid only for I/O unit with analog capability) 0 = degrees C; non-0 = degrees F
status_read,STATUS AREA READ—READ ONLY,124,FFFF F030 0050,FFFFF0300050,4,–,explicit_or_general,Reserved
status_read,STATUS AREA READ—READ ONLY,124,FFFF F030 0054,FFFFF0300054,4,UI,explicit_or_general,Watchdog time in milliseconds (unsigned integer). 0 means watchdog is disabled.
status_read,STATUS AREA READ—READ ONLY,124,FFFF F030 0058,FFFFF0300058,4,UI,explicit_or_general,"TCP/IP minimum Response Timeout (RTO) in milliseconds. TCP/IP calculates the RTO based on past network response times. The default is a minimum 3000 msec between retries. (Does not apply to E1s, E2s, SBs.)"
status_read,STATUS AREA READ—READ ONLY,124,FFFF F030 005C,FFFFF030005C,4,UI,explicit_or_general,Digital scan counter. Counts the number of scans of these digital modules; can be used for benchmarking. (Does not apply to groov Simple modules or E1s.)
status_read,STATUS AREA READ—READ ONLY,124,FFFF F030 0060,FFFFF0300060,4,UI,explicit_or_general,Analog and digital scan counter. Counts the number of scans of analog and HDD modules; can be used for benchmarking. (Does not apply to groov Simple modules.)
status_read,STATUS AREA READ—READ ONLY,124,FFFF F030 0064,FFFFF0300064,4,UI,explicit_or_general,"Initial RTO. (Does not apply to E1s, E2s, SBs.)"
status_read,STATUS AREA READ—READ ONLY,124,FFFF F030 0068,FFFFF0300068,4,UI,explicit_or_general,"TCP number of retries. (Does not apply to E1s, E2s, SBs.)"
status_read,STATUS AREA READ—READ ONLY,124,FFFF F030 006C,FFFFF030006C,4,UI,explicit_or_general,"TCP idle session timeout. (Does not apply to E1s, E2s, SBs.)"
status_read,STATUS AREA READ—READ ONLY,124,FFFF F030 0070,FFFFF0300070,4,UI,explicit_or_general,"Ethernet errors: late collisions. This and the next two sets of addresses indicate problems on the Ethernet network, often due to length of the segment or number of devices. Late collisions are not normal. Normally two Ethernet hosts trying to talk at once collide early in the packet and both back off, or the second host waits. (Does not apply to E1s, E2s, SBs.)"
status_read,STATUS AREA READ—READ ONLY,124,FFFF F030 0074,FFFFF0300074,4,UI,explicit_or_general,"Ethernet errors: excessive collisions. Indicate that all the backup attempts to communicate have been exhausted. (Does not apply to E1s, E2s, SBs.)"
status_read,STATUS AREA READ—READ ONLY,124,FFFF F030 0078,FFFFF0300078,4,UI,explicit_or_general,"Ethernet errors: other. (Does not apply to E1s, E2s, SBs.)"
status_read,STATUS AREA READ—READ ONLY,124,FFFF F030 007C,FFFFF030007C,4,M,explicit_or_general,"“Smart” modules present. Bitmask showing the presence of analog, serial, high-density digital, and PID modules. Present = 1; not present = 0. Use as a troubleshooting tool to make sure modules are online. Note that all groov I/O and groov RIO modules are “smart.” (Does not apply to E1s, E2s, G4EB2s.)"
status_read,STATUS AREA READ—READ ONLY,124,FFFF F030 0080,FFFFF0300080,20,S-ZT,explicit_or_general,Device’s part number (string)
status_read,STATUS AREA READ—READ ONLY,124,FFFF F030 00A0,FFFFF03000A0,10,S-ZT,explicit_or_general,Firmware version date
status_read,STATUS AREA READ—READ ONLY,125,FFFF F030 00B0,FFFFF03000B0,10,S-ZT,explicit_or_general,Firmware version time
status_read,STATUS AREA READ—READ ONLY,125,FFFF F030 0100,FFFFF0300100,4,UI,explicit_or_general,"ARCNET reconfigs detected. Indicates that a “smart” module (analog, serial, high-density digital) has been added, removed, or reset. This and the other addresses starting with ARCNET refer to the ARCNET bus used on the rack for communication between the I/O processor and I/O modules. (Does not apply to E1s, E2s, G4EB2s.)"
status_read,STATUS AREA READ—READ ONLY,125,FFFF F030 0104,FFFFF0300104,4,UI,explicit_or_general,"ARCNET reconfigs initiated by I/O unit. Error on the rack’s ARCNET bus. (Does not apply to E1s, E2s, G4EB2s.) Not a concern unless it happens frequently. If there are no analog, serial, high-density digital, or PID modules on the rack, ignore it. If there is at least one of these modules on the rack, make sure the rack has adequate voltage."
status_read,STATUS AREA READ—READ ONLY,125,FFFF F030 0108,FFFFF0300108,4,UI,explicit_or_general,"Number of times the device closed the session because it was idle. (Does not apply to E1s, E2s, SBs.)"
status_read,STATUS AREA READ—READ ONLY,125,FFFF F030 010C,FFFFF030010C,4,UI,explicit_or_general,"Milliseconds since powerup. Value rolls over after 4,294,967,295 ms, which is equal to 49.71 days. For longer periods of time, use address F030 0160 (in seconds) or F030 0228 (64-bit field, in milliseconds). (Does not apply to E1s or E2s.)"
status_read,STATUS AREA READ—READ ONLY,125,FFFF F030 0110,FFFFF0300110,4,UI,explicit_or_general,"Ethernet MAC resets since powerup. Caused by electrical noise. (Does not apply to E1s, E2s, SBs.)"
status_read,STATUS AREA READ—READ ONLY,125,FFFF F030 0114,FFFFF0300114,4,UI,explicit_or_general,"Digital output channel resets since powerup. Caused by electrical noise. (Does not apply to groov channels, E1s, or E2s.)"
status_read,STATUS AREA READ—READ ONLY,125,FFFF F030 0118,FFFFF0300118,4,UI,explicit_or_general,"Digital interrupt failures since powerup. Digital counter may have missed counts. (Does not apply to groov channels, E1s, or E2s.)"
status_read,STATUS AREA READ—READ ONLY,125,FFFF F030 011C,FFFFF030011C,4,UI,explicit_or_general,"Total number of PID loops available on this I/O unit (96 for SNAP PAC R-series, 32 for UIO, 16 for EIO, none for other I/O units)."
status_read,STATUS AREA READ—READ ONLY,125,FFFF F030 0120,FFFFF0300120,4,UI,explicit_or_general,"ARCNET transmit attempts since powerup. (Not on E1s, E2s, G4EB2s.)"
status_read,STATUS AREA READ—READ ONLY,125,FFFF F030 0124,FFFFF0300124,4,UI,explicit_or_general,"ARCNET other (node not found, etc.). (Not on E1s, E2s, G4EB2s.)"
status_read,STATUS AREA READ—READ ONLY,125,FFFF F030 0128,FFFFF0300128,4,UI,explicit_or_general,"ARCNET ACKs. (Not on E1s, E2s, G4EB2s.)"
status_read,STATUS AREA READ—READ ONLY,125,FFFF F030 012C,FFFFF030012C,4,UI,explicit_or_general,"ARCNET delay between transmit attempt and ACK for most recent attempt. (Not on E1s, E2s, G4EB2s.)"
status_read,STATUS AREA READ—READ ONLY,125,FFFF F030 0130,FFFFF0300130,4,UI,explicit_or_general,"ARCNET timeout value (msec.). (Not on E1s, E2s, G4EB2s.)"
status_read,STATUS AREA READ—READ ONLY,125,FFFF F030 0134,FFFFF0300134,4,UI,explicit_or_general,"ARCNET timeouts. (Not on E1s, E2s, G4EB2s.)"
status_read,STATUS AREA READ—READ ONLY,125,FFFF F030 0138,FFFFF0300138,4,UI,explicit_or_general,"ARCNET receive interrupts. (Not on E1s, E2s, G4EB2s.)"
status_read,STATUS AREA READ—READ ONLY,125,FFFF F030 013C,FFFFF030013C,4,–,explicit_or_general,Reserved
status_read,STATUS AREA READ—READ ONLY,125,FFFF F030 0140,FFFFF0300140,4,F,explicit_or_general,Milliseconds per analog/HDD scan. Value of -1 means scanner is not running.
status_read,STATUS AREA READ—READ ONLY,125,FFFF F030 0144,FFFFF0300144,4,F,explicit_or_general,Milliseconds per digital (4-ch) scan. Value of -1 means scanner is not running. (Does not apply to groov channels.)
status_read,STATUS AREA READ—READ ONLY,125,FFFF F030 0148,FFFFF0300148,4,UI,explicit_or_general,"Number of single or 4-channel digital modules supported (0, 8, or 16). Useful for SNAP-PAC-R1s; R1s with serial numbers below 600,000 support only 8 (in the first 8 rack positions); newer modules support 16. Added in SNAP firmware R8.1; older SNAP firmware doesn’t include this address."
status_read,STATUS AREA READ—READ ONLY,125,FFFF F030 014C,FFFFF030014C,4,UI,explicit_or_general,"(groov EPIC, groov RIO, and SB brains) Unique serial number (note that SB brains do not have a MAC address)."
status_read,MODULE BUILD DATA–READ ONLY,126,FFFF F030 0160,FFFFF0300160,4,UI,explicit_or_general,"Elapsed time since powerup (in seconds). Use instead of F030 010C for longer periods of time. Value rolls over after 4,294,967,295 seconds, which is equal to 49,710 days. (Does not apply to E1s or E2s.)"
status_read,MODULE BUILD DATA–READ ONLY,126,FFFF F030 0164,FFFFF0300164,C4,–,explicit_or_general,Reserved
status_read,MODULE BUILD DATA–READ ONLY,126,FFFF F030 0228,FFFFF0300228,8,UI,explicit_or_general,"Milliseconds since powerup. Use instead of F030 010C for longer periods of time in milliseconds. Value rolls over after 584,542,046 years. (Does not apply to E1s or E2s.)"
status_read,MODULE BUILD DATA–READ ONLY,126,FFFF F030 0234,FFFFF0300234,14,–,explicit_or_general,Reserved
status_read,MODULE BUILD DATA–READ ONLY,126,FFFF F030 0248,FFFFF0300248,4,I,explicit_or_general,"Result of some Status Area Write commands (F0380000 on page 133). Results apply only to commands 03, 04, 0D, 0E, 0F, and 10. 0 = Operation was successful. -109 = microSD card is read only. -110 = microSD card is not inserted. -111 = Controller doesn't support microSD cards."
status_read,MODULE BUILD DATA–READ ONLY,126,FFFF F030 024C,FFFFF030024C,4,UI,explicit_or_general,"Firmware revision. 1st byte: major version number; 2nd byte: minor version number; 3rd byte: revision (0=A, 1=B, 2=R); 4th byte: letter (0=a, 1=b, 2=c, and so forth)"
status_read,MODULE BUILD DATA–READ ONLY,126,FFFF F030 0250,FFFFF0300250,4,UI,explicit_or_general,The number of writes to permanent storage (may also be referred to as flash memory) since the last power up. Last valid address for this area: FFFF F030 0254
status_write,STATUS AREA WRITE—READ/WRITE,133,FFFF F038 0000,FFFFF0380000,4,UI,explicit_or_general,"Operation code (Some results returned in F0300248, page 126.) 0x00000001 – Send Powerup Clear 0x00000002 – Reset to defaults (clears I/O configuration and erases it from flash; also clears scratch pad areas, PIDs, and TPOs.) CAUTION: See “Details on Operation Codes in Address F0380000” on page 135. 0x00000003 – Stores scratch pad areas to flash. (For groov I/O units only, all remaining configuration areas are autosaved to flash.) CAUTION: See details on page 135. 0x00000004 – Erase all configuration from flash memory and microSD card. CAUTION: See details on page 135. The following address spaces do not apply to groov I/O or RIO units: 0x00000005 – Reset hardware, which is just like cycling power to the device. If channel configuration information has not been stored to flash or flash has been cleared (op code 04), channels are reset to defaults. After a hardware reset, the device waits for a Powerup Clear before communicating. 0x00000006 – Clear “Digital Events - Old” configuration (for expanded digital events in SNAP firmware R8.1 or higher, use 0x0000000A below). 0x00000007 – Clear Alarms configuration. 0x00000008 – Clear PPP configuration. (Not on EB, SB, G4EB2.) 0x00000009 – Clear Email configuration. (Does not apply to SB.) 0x0000000A – Clear “Digital Events - Expanded” configuration (For SNAP firmware R8.0 and lower, clears Timers configuration). 0x0000000B – Clear PID loops configuration (analog devices only). 0x0000000C – Clear data log. 0x0000000D – Save configuration and IP address to microSD card. See details on page 135. 0x0000000E – Erase configuration and IP address from microSD card. See details on page 135. 0x0000000F – Erase firmware from microSD card. See page 135. 0x00000010 – Erase strategy from microSD card. See page 135. 0x87654321 – Boot to loader. (UIO, EIO, SIO, and LCE only)"
status_write,STATUS AREA WRITE—READ/WRITE,133,FFFF F038 0004,FFFFF0380004,4,UI,explicit_or_general,Set device to send BootP or DHCP request when turned on. 0 (default for all except E1 & E2) = Send BootP or DHCP request only if device’s IP address is 0.0.0.0. Current IP address is saved to flash memory and becomes a static IP address. 1 (default for E1 & E2) = Always send BootP or DHCP request when device is turned on. IP address is dynamic (temporary). (Does not apply to SBs.)
status_write,STATUS AREA WRITE—READ/WRITE,133,FFFF F038 0008,FFFFF0380008,4,B,explicit_or_general,Set degrees in F or C. 0 (default) = degrees C; non-0 = degrees F
status_write,STATUS AREA WRITE—READ/WRITE,133,FFFF F038 000C,FFFFF038000C,4,–,explicit_or_general,Reserved PR1/2 RIO PAC-R PAC-S EB SB UIO EIO SIO LCE E1 E2 G4EB2
status_write,STATUS AREA WRITE—READ/WRITE,134,FFFF F038 0010,FFFFF0380010,4,UI,explicit_or_general,Set watchdog time in milliseconds (unsigned integer). 0 disables watchdog.
status_write,STATUS AREA WRITE—READ/WRITE,134,FFFF F038 0014,FFFFF0380014,4,UI,explicit_or_general,"Set TCP/IP minimum Response Timeout (RTO) in milliseconds. (Does not apply to E1s, E2s, or SBs.) For SNAP PAC R-series, SNAP PAC EB, SNAP Ultimate, and SNAP Simple I/O units, the default is a minimum 100 msec between retries. For SNAP Ethernet I/O units, the default is a minimum 3000 msec between retries. For a high-speed application such as motion control, you can write a lower minimum RTO to this address."
status_write,STATUS AREA WRITE—READ/WRITE,134,FFFF F038 0018,FFFFF0380018,4,UI,explicit_or_general,"Set TCP/IP initial RTO. (Does not apply to E1s, E2s, or SBs.)"
status_write,STATUS AREA WRITE—READ/WRITE,134,FFFF F038 001C,FFFFF038001C,4,UI,explicit_or_general,"Set TCP/IP number of retries. (Does not apply to E1s, E2s, or SBs.)"
status_write,STATUS AREA WRITE—READ/WRITE,134,FFFF F038 0020,FFFFF0380020,4,UI,explicit_or_general,"TCP idle session timeout in milliseconds. 0 = disable. (Does not apply to E1s, E2s, or SBs.)"
status_write,STATUS AREA WRITE—READ/WRITE,134,FFFF F038 0024,FFFFF0380024,4,UI,explicit_or_general,Wireless configuration: mode (Does not apply to SBs.)
status_write,STATUS AREA WRITE—READ/WRITE,134,FFFF F038 0028,FFFFF0380028,4,UI,explicit_or_general,Wireless configuration: ESS identification (Does not apply to SBs.)
status_write,STATUS AREA WRITE—READ/WRITE,134,FFFF F038 002C,FFFFF038002C,20,–,explicit_or_general,Reserved
status_write,STATUS AREA WRITE—READ/WRITE,134,FFFF F038 0060,FFFFF0380060,F4,–,explicit_or_general,"Reserved Details on Operation Codes in Address F0380000 NOTE: Many of these op codes affect a microSD card, if the device has one. See the device’s user’s guide for important information before using the card. Results for op codes 03, 04, 0D, 0E, 0F, 10, and 11 are returned in F0300248 (see page 126). 0x02—Resets device to defaults (equivalent to an 04 op code followed by an 05). Requires a Powerup Clear after resetting. CAUTION: If you have SNAP firmware 9.0 or newer and a microSD card is present, this code also erases any firmware, strategy, IP address, and configuration data from the card. This code does not erase other data files on the microSD card. If you have older SNAP firmware versions, these files on the microSD card are not erased. 0x03—Stores all configuration data to flash memory, so it is restored when the device is turned on. CAUTION: If you have SNAP firmware 9.0 or newer and a microSD card is present, and if the card already has IP address and configuration data stored on it (see op code 0D), code 03 also overwrites the configuration data and IP address on the card with the new configuration. Exception: On a controller using Secure Strategy Distribution (SSD), configuration data is stored to flash but not to the microSD card. Other data files on the microSD card are not affected. If you have older SNAP firmware versions, nothing is saved to the microSD card. 0x04—Erases all configuration data from flash memory and microSD card. Details: • Erases all IP address and configuration data from the microSD card, if one is present and has IP and configuration data stored on it (see op code 0D). Firmware and strategy files on the card are not erased. Other data files are not erased. • Clears error information in the status area (F030000C, etc.: error code, transaction label, source address, error address). • Clears gains and offsets, latches, min/max data, and counters. Deactivates counters. • Turns off digital outputs. • Sets analog outputs to zero scale (0 counts). 0x0D—Requires SNAP firmware 9.0 or newer. Applies only to devices with a microSD card slot and a card in place. Stores the controller’s IP address and configuration data on the microSD card. Exception: Data is not stored to a card in a controller using Secure Strategy Distribution (SSD)."
status_write,STATUS AREA WRITE—READ/WRITE,135,FFFF F038 0154,FFFFF0380154,40,S-ZT,explicit_or_general,Host Name (E1 and E2 only). Used only if the unit has a dynamic IP address assigned by the network.
status_write,STATUS AREA WRITE—READ/WRITE,135,FFFF F038 0194,FFFFF0380194,100,S-ZT,explicit_or_general,Domain Name (E1 and E2 only).
status_write,STATUS AREA WRITE—READ/WRITE,135,FFFF F038 0298,FFFFF0380298,4,F,explicit_or_general,"Value shown for modules that return a 16-bit value to the brain, when actual value is out of range. Default is –32,768"
status_write,STATUS AREA WRITE—READ/WRITE,135,FFFF F038 02B0,FFFFF03802B0,4,F,explicit_or_general,"Value shown for modules that return a 32-bit value to the brain, when actual value is out of range. Default is –2,147,483,648 Last valid address for this area: FFFF F038 02B3"
modbus,NETWORK SECURITY CONFIGURATION—READ/WRITE,136,FFFF F039 0000,FFFFF0390000,4,UI,explicit_or_general,"Modbus float format (unsigned integer) 0x00000000 = Big Endian 0x00000001 = Big Endian, word swapped. Most significant bit of float is in most significant register. Last valid address for this area: FFFF F039 0003 PR1/2 RIO PAC-R EB UIO EIO SIO E1 E2 G4EB2"
streaming_config,STREAMING CONFIGURATION—READ/WRITE,152,FFFF F03F FFC0,FFFFF03FFFC0,4,–,explicit_or_general,Reserved
streaming_config,STREAMING CONFIGURATION—READ/WRITE,152,FFFF F03F FFC4,FFFFF03FFFC4,4,B,explicit_or_general,Enable or disable I/O mirroring (Boolean) 0 = disable; non-0 = enable PR1/2 RIO PAC-R EB UIO EIO SIO G4EB2
streaming_config,DIGITAL BANK READ—READ ONLY,153,FFFF F03F FFC8,FFFFF03FFFC8,4,UI,explicit_or_general,Beginning address of the data you want to stream. Do not use if you are streaming the entire streaming section shown on page 172. Use only to stream a portion of the streaming section or some other portion of the memory map.
streaming_config,DIGITAL BANK READ—READ ONLY,153,FFFF F03F FFCC,FFFFF03FFFCC,4,UI,explicit_or_general,Size of data to stream. Do not use if you are streaming the entire streaming section shown on page 172. Use only to stream a portion of the streaming section or some other portion of the memory map. Maximum data size: 1480 bytes.
streaming_config,DIGITAL BANK READ—READ ONLY,153,FFFF F03F FFD0,FFFFF03FFFD0,4,B,explicit_or_general,Streaming On/Off (Boolean). 0 = off; non-0 = on.
streaming_config,DIGITAL BANK READ—READ ONLY,153,FFFF F03F FFD4,FFFFF03FFFD4,4,UI,explicit_or_general,"Streaming Interval, in milliseconds (unsigned integer)"
streaming_config,DIGITAL BANK READ—READ ONLY,153,FFFF F03F FFD8,FFFFF03FFFD8,4,UI,explicit_or_general,UDP port number to stream to
streaming_config,DIGITAL BANK READ—READ ONLY,153,FFFF F03F FFDC,FFFFF03FFFDC,4,–,explicit_or_general,Reserved
streaming_config,DIGITAL BANK READ—READ ONLY,153,FFFF F03F FFE0,FFFFF03FFFE0,4,IP,explicit_or_general,Stream target IP address #1
streaming_config,DIGITAL BANK READ—READ ONLY,153,FFFF F03F FFE4,FFFFF03FFFE4,4,IP,explicit_or_general,Stream target IP address #2
streaming_config,DIGITAL BANK READ—READ ONLY,153,FFFF F03F FFE8,FFFFF03FFFE8,4,IP,explicit_or_general,Stream target IP address #3
streaming_config,DIGITAL BANK READ—READ ONLY,153,FFFF F03F FFEC,FFFFF03FFFEC,4,IP,explicit_or_general,Stream target IP address #4
streaming_config,DIGITAL BANK READ—READ ONLY,153,FFFF F03F FFF0,FFFFF03FFFF0,4,IP,explicit_or_general,Stream target IP address #5
streaming_config,DIGITAL BANK READ—READ ONLY,153,FFFF F03F FFF4,FFFFF03FFFF4,4,IP,explicit_or_general,Stream target IP address #6
streaming_config,DIGITAL BANK READ—READ ONLY,153,FFFF F03F FFF8,FFFFF03FFFF8,4,IP,explicit_or_general,Stream target IP address #7
streaming_config,DIGITAL BANK READ—READ ONLY,153,FFFF F03F FFFC,FFFFF03FFFFC,4,IP,explicit_or_general,Stream target IP address #8 Last valid address for this area: FFFF F03F FFFF
custom_config,CUSTOM CONFIGURATION AREA—WRITE,167,FFFF F0D5 0000,FFFFF0D50000,4,UI,explicit_or_general,Element 0: First memory map address for custom area
custom_config,CUSTOM CONFIGURATION AREA—WRITE,167,FFFF F0D5 0004,FFFFF0D50004,4,UI,explicit_or_general,Element 1: Next memory map address for custom area
custom_config,CUSTOM CONFIGURATION AREA—WRITE,167,FFFF F0D5 0008,FFFFF0D50008,4,UI,explicit_or_general,Element 2: Next memory map address for custom area Additional elements follow in order on even 4 hex boundaries. Total at this address: 1024
custom_config,CUSTOM CONFIGURATION AREA—WRITE,167,FFFF F0D5 0FFC,FFFFF0D50FFC,4,UI,explicit_or_general,Element 1023: Last memory map address for custom area Last valid address for this area: FFFF F0D5 0FFF * Data type is determined by the addresses you enter.
custom_data,SCRATCH PAD—READ/WRITE,168,FFFF F0D6 0000,FFFFF0D60000,4,*,explicit_or_general,Element 0: Reads or writes to the memory map address in F0D50000
custom_data,SCRATCH PAD—READ/WRITE,168,FFFF F0D6 0004,FFFFF0D60004,4,*,explicit_or_general,Element 1: Reads or writes to the memory map address in F0D50004
custom_data,SCRATCH PAD—READ/WRITE,168,FFFF F0D6 0008,FFFFF0D60008,4,*,explicit_or_general,Element 2: Reads or writes to the memory map address in F0D50008 Additional elements follow in order on even 4 hex boundaries. Total at this address: 1024
custom_data,SCRATCH PAD—READ/WRITE,168,FFFF F0D6 0FFC,FFFFF0D60FFC,4,*,explicit_or_general,Element 1023: Reads or writes to the memory map address in F0D50FFC Last valid address for this area: FFFF F0D6 0FFF * Data type is determined by the addresses you configured in the Custom Configuration Area (page 167).
scratch_pad,SCRATCH PAD—READ/WRITE,168,FFFF F0D8 0000,FFFFF0D80000,8,M,explicit_or_general,Current state of Scratch Pad bits (mask). 1 = bit on; 0 = bit off.
scratch_pad,SCRATCH PAD—READ/WRITE,168,FFFF F0D8 0400,FFFFF0D80400,8,M,explicit_or_general,Set Scratch Pad On mask. 1 = set bit on; 0 = no change.
scratch_pad,SCRATCH PAD—READ/WRITE,168,FFFF F0D8 0408,FFFFF0D80408,8,M,explicit_or_general,Set Scratch Pad Off mask 1 = set bit off; 0 = no change.
scratch_pad,SCRATCH PAD—READ/WRITE,168,FFFF F0D8 1000,FFFFF0D81000,4,I,explicit_or_general,Scratch Pad 32-bit Integer element 0.
scratch_pad,SCRATCH PAD—READ/WRITE,168,FFFF F0D8 1004,FFFFF0D81004,4,I,explicit_or_general,Scratch Pad 32-bit Integer element 1.
scratch_pad,SCRATCH PAD—READ/WRITE,168,FFFF F0D8 1008,FFFFF0D81008,4,I,explicit_or_general,Scratch Pad 32-bit Integer element 2. Additional 32-bit Integer elements follow in order on even 4 hex boundaries. Total at this address: 1024. Additional 9216 starting at address FFFF F0DA 0000 PR1/2 RIO PAC-R PAC-S EB SB UIO EIO LCE G4EB2
scratch_pad,SCRATCH PAD—READ/WRITE,169,FFFF F0D8 1FFC,FFFFF0D81FFC,4,I,explicit_or_general,Scratch Pad 32-bit Integer element 1023.
scratch_pad,SCRATCH PAD—READ/WRITE,169,FFFF F0D8 2000,FFFFF0D82000,4,F,explicit_or_general,Scratch Pad float element 0.
scratch_pad,SCRATCH PAD—READ/WRITE,169,FFFF F0D8 2004,FFFFF0D82004,4,F,explicit_or_general,Scratch Pad float element 1.
scratch_pad,SCRATCH PAD—READ/WRITE,169,FFFF F0D8 2008,FFFFF0D82008,4,F,explicit_or_general,Scratch Pad float element 2. Additional float elements follow in order on even 4 hex boundaries. Total at this address: 1024. Additional 9216 starting at address FFFF F0DC 0000
scratch_pad,SCRATCH PAD—READ/WRITE,169,FFFF F0D8 2FFC,FFFFF0D82FFC,4,F,explicit_or_general,Scratch Pad float element 1023.
scratch_pad,SCRATCH PAD—READ/WRITE,169,FFFF F0D8 3000,FFFFF0D83000,2,UI,explicit_or_general,"Scratch Pad string element 0: Length (integer). If length is not written here, it is automatically calculated by counting to the first null."
scratch_pad,SCRATCH PAD—READ/WRITE,169,FFFF F0D8 3002,FFFFF0D83002,80,S-PL,explicit_or_general,Scratch Pad string element 0: String
scratch_pad,SCRATCH PAD—READ/WRITE,169,FFFF F0D8 3082,FFFFF0D83082,2,UI,explicit_or_general,"Scratch Pad string element 1: Length (integer). If length is not written here, it is automatically calculated by counting to the first null."
scratch_pad,SCRATCH PAD—READ/WRITE,169,FFFF F0D8 3084,FFFFF0D83084,80,S-PL,explicit_or_general,Scratch Pad string element 1: String
scratch_pad,SCRATCH PAD—READ/WRITE,169,FFFF F0D8 3104,FFFFF0D83104,2,UI,explicit_or_general,"Scratch Pad string element 2: Length (integer). If length is not written here, it is automatically calculated by counting to the first null."
scratch_pad,SCRATCH PAD—READ/WRITE,169,FFFF F0D8 3106,FFFFF0D83106,80,S-PL,explicit_or_general,Scratch Pad string element 2: String Additional string elements follow in order on even 82 hex boundaries. Total: 64.
scratch_pad,SCRATCH PAD—READ/WRITE,169,FFFF F0D8 4FFE,FFFFF0D84FFE,2,UI,explicit_or_general,"Scratch Pad string element 63: Length (integer). If length is not written here, it is automatically calculated by counting to the first null."
scratch_pad,SCRATCH PAD—READ/WRITE,169,FFFF F0D8 5000,FFFFF0D85000,80,S-PL,explicit_or_general,Scratch Pad string element 63: String Last valid address in this section: FFFF F0D8 507F
scratch_pad,SCRATCH PAD—READ/WRITE,169,FFFF F0DA 0000,FFFFF0DA0000,4,I,explicit_or_general,Scratch Pad 32-bit Integer element 1024
scratch_pad,SCRATCH PAD—READ/WRITE,169,FFFF F0DA 0004,FFFFF0DA0004,4,I,explicit_or_general,Scratch Pad 32-bit Integer element 1025
scratch_pad,SCRATCH PAD—READ/WRITE,169,FFFF F0DA 0008,FFFFF0DA0008,4,I,explicit_or_general,Scratch Pad 32-bit Integer element 1026 Additional 32-bit Integer elements follow in order on even 4 hex boundaries. Total at this address: 9216. Elements 0–1023 start at address FFFF F0D8 1000
scratch_pad,SCRATCH PAD—READ/WRITE,169,FFFF F0DA 8FFC,FFFFF0DA8FFC,4,I,explicit_or_general,"Scratch Pad 32-bit Integer element 10,239 Last valid address in this section: FFFF F0DA 1FFFF"
scratch_pad,SCRATCH PAD—READ/WRITE,169,FFFF F0DC 0000,FFFFF0DC0000,4,F,explicit_or_general,Scratch Pad float element 1024
scratch_pad,SCRATCH PAD—READ/WRITE,169,FFFF F0DC 0004,FFFFF0DC0004,4,F,explicit_or_general,Scratch Pad float element 1025
scratch_pad,SCRATCH PAD—READ/WRITE,169,FFFF F0DC 0008,FFFFF0DC0008,4,F,explicit_or_general,Scratch Pad float element 1026 Additional float elements follow in order on even 4 hex boundaries. Total at this address: 9216. Elements 0–1023 start at address FFFF F0D8 2000
scratch_pad,SCRATCH PAD—READ/WRITE,169,FFFF F0DC 8FFC,FFFFF0DC8FFC,4,F,explicit_or_general,"Scratch Pad float element 10,239 Last valid address in this section: FFFF F0DC 8FFF"
scratch_pad,SCRATCH PAD—READ/WRITE,169,FFFF F0DE 0000,FFFFF0DE0000,8,M,explicit_or_general,Scratch Pad 64-bit Integer element 0
scratch_pad,SCRATCH PAD—READ/WRITE,169,FFFF F0DE 0008,FFFFF0DE0008,8,M,explicit_or_general,Scratch Pad 64-bit Integer element 1
scratch_pad,SCRATCH PAD—READ/WRITE,169,FFFF F0DE 0010,FFFFF0DE0010,8,M,explicit_or_general,Scratch Pad 64-bit Integer element 2 Additional 64-bit Integer elements follow in order on even 8 hex boundaries. Total at this address: 1024
scratch_pad,(OLD) DIGITAL READ AND CLEAR—READ ONLY,170,FFFF F0DE 1FF8,FFFFF0DE1FF8,8,M,explicit_or_general,Scratch Pad 64-bit Integer element 1023 Last valid address in this section: FFFF F0DE 1FFF Last valid address for this area: FFFF F0DC 81FF
streaming_ro,(OLD) ANALOG READ AND CLEAR/RESTART—READ ONLY,171,FFFF F0F8 0000,FFFFF0F80000,4,F,explicit_or_general,"Module 0, Channel 0 (0,0): Min Data (float) UIO EIO SIO E2"
streaming_ro,STREAMING—READ ONLY,172,FFFF F0F8 0004,FFFFF0F80004,4,F,explicit_or_general,"0,1: Min Data (float) Additional channels follow in order on even 4 hex boundaries."
streaming_ro,STREAMING—READ ONLY,172,FFFF F0F8 00FC,FFFFF0F800FC,4,F,explicit_or_general,"15,3: Min Data (float)"
streaming_ro,STREAMING—READ ONLY,172,FFFF F0F8 0100,FFFFF0F80100,4,F,explicit_or_general,"0,0: Max Data (float)"
streaming_ro,STREAMING—READ ONLY,172,FFFF F0F8 0104,FFFFF0F80104,4,F,explicit_or_general,"0,1: Max Data (float) Additional channels follow in order on even 4 hex boundaries."
streaming_ro,STREAMING—READ ONLY,172,FFFF F0F8 01FC,FFFFF0F801FC,4,F,explicit_or_general,"15,3: Max Data (float) Last valid address for this area: FFFF F0F8 01FF 3 Packed Data areas put large amounts of related data into one area of the memory map so it's faster and easier to read in one transaction."
streaming_ro,ANALOG EU OR DIGITAL COUNTER (FEATURE) PACKED DATA—READ,173,FFFF F100 0000,FFFFF1000000,100,F,explicit_or_general,"Analog Engineering Units data for 64 channels (float). Includes the first four channels on 16 analog modules; if an analog module has more than four channels, data is included for channels 0-3 only."
streaming_ro,ANALOG EU OR DIGITAL COUNTER (FEATURE) PACKED DATA—READ,173,FFFF F100 0100,FFFFF1000100,100,UI,explicit_or_general,Digital channel feature data (unsigned integer). Feature data for each channel depends upon the channel configuration.
streaming_ro,ANALOG EU OR DIGITAL COUNTER (FEATURE) PACKED DATA—READ,173,FFFF F100 0200,FFFFF1000200,8,M,explicit_or_general,State of 4-channel digital channels. (Does not include high-density digital channels.) 0 = Off; 1 = On.
streaming_ro,ANALOG EU OR DIGITAL COUNTER (FEATURE) PACKED DATA—READ,173,FFFF F100 0208,FFFFF1000208,8,M,explicit_or_general,Digital on-latches. (Does not include high-density digital channels.) 0 = Off; 1 = On.
streaming_ro,ANALOG EU OR DIGITAL COUNTER (FEATURE) PACKED DATA—READ,173,FFFF F100 0210,FFFFF1000210,8,M,explicit_or_general,Digital off-latches. (Does not include high-density digital channels.) 0 = Off; 1 = On.
streaming_ro,ANALOG EU OR DIGITAL COUNTER (FEATURE) PACKED DATA—READ,173,FFFF F100 0218,FFFFF1000218,8,M,explicit_or_general,"Active counters (mask). Last valid address for this area: FFFF F100 021F 4 A channel address is “unused” when an I/O module has fewer channels than the number of addresses reserved for them in the memory map. For example, if memory addresses have been reserved for 32 channels and the I/O module in that position has only 2 channels, two channel addresses will be used for storing data and the 30 unused addresses will report a NaN."
streaming_ro,STREAMING—READ ONLY,172,FFFF F100 0300,FFFFF1000300,800,F/UI,explicit_or_general,"High-density channel data. Can accommodate up to 512 channels (32 channels for each of 16 modules). Analog channels: the value in Engineering Units (float). Digital channels: feature data (unsigned integer). Feature data for each digital channel depends on channel configuration. Note that groov “simple” I/O modules support only the state digital feature; for details, see “Selecting Configuration Values for I/O Channel Features” on page 52."
streaming_ro,STREAMING—READ ONLY,172,FFFF F100 0B00,FFFFF1000B00,40,M,explicit_or_general,Digital channel state. 0 = Off; 1 = On. Up to 32 channels on 16 modules.
streaming_ro,STREAMING—READ ONLY,172,FFFF F100 0B40,FFFFF1000B40,40,M,explicit_or_general,Digital channel on-latches. 0 = Off; 1 = On. Up to 32 channels on 16 modules.
streaming_ro,STREAMING—READ ONLY,172,FFFF F100 0B80,FFFFF1000B80,40,M,explicit_or_general,Digital channel off-latches. 0 = Off; 1 = On. Up to 32 channels on 16 modules.
streaming_ro,STREAMING—READ ONLY,172,FFFF F100 0BC0,FFFFF1000BC0,40,M,explicit_or_general,"Channel present. Indicates whether a channel is present in the specified location. Present = 1; not present = 0. Up to 32 channels on 16 modules. PR1/2 RIO PAC-R EB UIO EIO SIO G4EB2 Addresses for PAC-R, EB, UIO, EIO, SIO, and G4EB2 Devices"
packed_digital,ANALOG EU OR DIGITAL COUNTER (FEATURE) PACKED DATA—READ,173,FFFF F100 1000,FFFFF1001000,4,F/UI,explicit_or_general,"Module 0, Channel 0 (0,0): If analog channel: value in EU; if digital channel, digital counter value (counter must be configured as channel feature). PR1/2 RIO PAC-R EB SB E2 G4EB2"
packed_digital,DIGITAL PACKED DATA—READ/WRITE,174,FFFF F100 1004,FFFFF1001004,4,F/UI,explicit_or_general,"0,1: Analog channel value or digital counter value"
packed_digital,DIGITAL PACKED DATA—READ/WRITE,174,FFFF F100 1008,FFFFF1001008,4,F/UI,explicit_or_general,"0,2: Analog channel value or digital counter value"
packed_digital,DIGITAL PACKED DATA—READ/WRITE,174,FFFF F100 100C,FFFFF100100C,4,F/UI,explicit_or_general,"0,3: Analog channel value or digital counter value"
packed_digital,DIGITAL PACKED DATA—READ/WRITE,174,FFFF F100 1010,FFFFF1001010,4,F/UI,explicit_or_general,"0,4: Analog channel value or digital counter value"
packed_digital,DIGITAL PACKED DATA—READ/WRITE,174,FFFF F100 1014,FFFFF1001014,4,F/UI,explicit_or_general,"0,5: Analog channel value or digital counter value Additional channels follow in order on 4 hex boundaries. Additional modules follow in order on 80 hex boundaries. Last valid address for this area: FFFF F100 17FF At address: F1001800 F1001803 These bit numbers: 7 6 5 4 3 2 1 0 7 6 5 4 3 2 1 0 Show data for these channels: 31 30 29 28 27 26 25 24 7 6 5 4 3 2 1 0 At address: F1001800 F1001801 F1001802 F1001803 These bit numbers: [ignore] [ignore] 7 6 5 4 3 2 1 0 7 6 5 4 3 2 1 0 Show this data: [zeros— ignore] [zeros— ignore] Counter? Counter? Counter? Counter? Off-latch Off-latch Off-latch Off-latch On-latch On-latch On-latch On-latch State State State State On this channel: – – 3 2 1 0 3 2 1 0 3 2 1 0 3 2 1 0"
packed_digital,DIGITAL PACKED DATA—READ/WRITE,174,FFFF F100 1800,FFFFF1001800,4,M,explicit_or_general,"Module 0. If high-density module, shows states of all channels. If 4-channel module, shows state, whether on-latch and off-latch are set, and whether channel is a configured as a counter."
packed_digital,DIGITAL PACKED DATA—READ/WRITE,174,FFFF F100 1804,FFFFF1001804,4,M,explicit_or_general,Module 1 (same)
packed_digital,DIGITAL PACKED DATA—READ/WRITE,174,FFFF F100 1808,FFFFF1001808,4,M,explicit_or_general,Module 2 (same)
packed_digital,DIGITAL PACKED DATA—READ/WRITE,174,FFFF F100 180C,FFFFF100180C,4,M,explicit_or_general,Module 3 (same) Last valid address for this area: FFFF F100 183F PR1/2 RIO PAC-R EB SB G4EB2
quality,COMMUNICATIONS PORT CONFIGURATION—READ/WRITE,128,FFFF F100 2000,FFFFF1002000,8,M,explicit,"Quality indicators present. Bitmask shows which modules have at least one channel reporting a quality indicator code. This area supports up to 64 modules. A bit in this mask will clear only when no channels in the module have a quality indicator. If a channel has a value of 1 in address space FFFF F010 0074, its quality indicators are not counted in toward the module’s total number of indicators present. (See “(Expanded) Analog & Digital Channel Configuration—Read/Write” on page 113.)"
quality,COMMUNICATIONS PORT CONFIGURATION—READ/WRITE,128,FFFF F100 2008,FFFFF1002008,78,–,explicit,Reserved
quality,COMMUNICATIONS PORT CONFIGURATION—READ/WRITE,128,FFFF F100 2080,FFFFF1002080,4,UI,explicit,"(0,0) Quality indicator code for Module 0, Channel 0. For a description and list of valid quality indicator codes, see “Quality Indicators” on page 213."
quality,COMMUNICATIONS PORT CONFIGURATION—READ/WRITE,128,FFFF F100 2084,FFFFF1002084,4,UI,explicit,"(0,1): Quality indicator code for Module 0, Channel 1"
quality,COMMUNICATIONS PORT CONFIGURATION—READ/WRITE,128,FFFF F100 2088,FFFFF1002088,4,UI,explicit,"(0,2): Quality indicator code for Module 0, Channel 2"
quality,COMMUNICATIONS PORT CONFIGURATION—READ/WRITE,128,FFFF F100 208C,FFFFF100208C,4,UI,explicit,"(0,3): Quality indicator code for Module 0, Channel 3 Additional channels follow in order on 4 hex boundaries. Additional modules follow in order on 100 hex boundaries. Last valid address for this area: FFFF F100 607F"
event_message_partial,EVENT MESSAGE CONFIGURATION—READ/WRITE,177,FFFF F120 0000,FFFFF1200000,4,UI,explicit_snmp_marked,"[Applies to SNMP on groov products] Message 0: Current message state. Messages become active when Scratch Pad conditions are met. To acknowledge receipt of an active message, write a 2 to this address. The message will not be sent again until the conditions are met again. 0 = Inactive, 1 = Active, 2 = Acknowledged"
event_message_partial,EVENT MESSAGE CONFIGURATION—READ/WRITE,177,FFFF F120 0024,FFFFF1200024,4,B,explicit_snmp_marked,[Applies to SNMP on groov products] Message 0: Enable SNMP trap (Boolean). 0 = disable; 1= enable
event_message_partial,EVENT MESSAGE CONFIGURATION—READ/WRITE,177,FFFF F120 0028,FFFFF1200028,4,UI,explicit_snmp_marked,[Applies to SNMP on groov products] Message 0: SNMP trap period in seconds 0 = send once; 604800 = maximum
event_message_partial,EVENT MESSAGE CONFIGURATION—READ/WRITE,177,FFFF F120 002C,FFFFF120002C,4,UI,explicit_snmp_marked,[Applies to SNMP on groov products] Message 0: SNMP trap type
event_message_partial,EVENT MESSAGE CONFIGURATION—READ/WRITE,177,FFFF F120 0040,FFFFF1200040,80,S-ZT,explicit_snmp_marked,"[Applies to SNMP on groov products] Message 0: Message text. Limited to 127 characters. Used with email, serial, and (optional) SNMP messages. For memory map copying, source memory map address or data goes here. In SNAP (not groov) products, plugins can be used in message text; see page 75 for information."
event_message_partial,EVENT MESSAGE CONFIGURATION—READ/WRITE,177,FFFF F120 00C0,FFFFF12000C0,4,UI,explicit_snmp_marked,"[Applies to SNMP on groov products] Message 1: Current message state 0 = Inactive, 1 = Active, 2 = Acknowledged"
event_message_partial,EVENT MESSAGE CONFIGURATION—READ/WRITE,178,FFFF F120 00E4,FFFFF12000E4,4,B,explicit_snmp_marked,[Applies to SNMP on groov products] Message 1: Enable SNMP trap (Boolean). 0 = disable; 1 = enable
event_message_partial,EVENT MESSAGE CONFIGURATION—READ/WRITE,178,FFFF F120 00E8,FFFFF12000E8,4,UI,explicit_snmp_marked,[Applies to SNMP on groov products] Message 1: SNMP trap period in seconds 0 = send once; 604800 = maximum
event_message_partial,EVENT MESSAGE CONFIGURATION—READ/WRITE,178,FFFF F120 00EC,FFFFF12000EC,4,UI,explicit_snmp_marked,[Applies to SNMP on groov products] Message 1: SNMP trap type
event_message_partial,EVENT MESSAGE CONFIGURATION—READ/WRITE,178,FFFF F120 0100,FFFFF1200100,80,S-ZT,explicit_snmp_marked,"[Applies to SNMP on groov products] Message 1: Message text. Limited to 127 characters. Used with email, serial, and (optional) SNMP messages. For memory map copying, source memory map address or data goes here. In SNAP (not groov) products, plugins can be used in message text; see page 75 for information. Additional messages follow in order."
event_message_partial,EVENT MESSAGE CONFIGURATION—READ/WRITE,178,FFFF F120 5F40,FFFFF1205F40,4,UI,explicit_snmp_marked,[Applies to SNMP on groov products] Message 127: Current message state
hd_digital_read,HIGH-DENSITY DIGITAL—READ ONLY,183,FFFF F180 8000,FFFFF1808000,8,M,explicit,Module 0: Channel state. 0 = Off; 1 = On
hd_digital_read,HIGH-DENSITY DIGITAL—READ ONLY,183,FFFF F180 8008,FFFFF1808008,8,M,explicit,Module 0: On-latch state. 0 = Off; 1 = On
hd_digital_read,HIGH-DENSITY DIGITAL—READ ONLY,183,FFFF F180 8010,FFFFF1808010,8,M,explicit,Module 0: Off-latch state. 0 = Off; 1 = On
hd_digital_read,HIGH-DENSITY DIGITAL—READ ONLY,183,FFFF F180 8018,FFFFF1808018,28,–,explicit,Module 0: Reserved
hd_digital_read,HIGH-DENSITY DIGITAL—READ ONLY,183,FFFF F180 8040,FFFFF1808040,8,M,explicit,Module 1: Channel state. 0 = Off; 1 = On
hd_digital_read,HIGH-DENSITY DIGITAL—READ ONLY,183,FFFF F180 8048,FFFFF1808048,8,M,explicit,Module 1: On-latch state. 0 = Off; 1 = On
hd_digital_read,HIGH-DENSITY DIGITAL—READ ONLY,183,FFFF F180 8050,FFFFF1808050,8,M,explicit,Module 1: Off-latch state. 0 = Off; 1 = On
hd_digital_read,HIGH-DENSITY DIGITAL—READ ONLY,183,FFFF F180 8058,FFFFF1808058,28,–,explicit,Module 1: Reserved Additional modules follow in order on even 40 hex boundaries.
hd_digital_read,HIGH-DENSITY DIGITAL—READ ONLY,183,FFFF F180 83C0,FFFFF18083C0,8,M,explicit,Module 15: Channel state. 0 = Off; 1 = On
hd_digital_read,HIGH-DENSITY DIGITAL—READ ONLY,183,FFFF F180 83C8,FFFFF18083C8,8,M,explicit,Module 15: On-latch state. 0 = Off; 1 = On
hd_digital_read,HIGH-DENSITY DIGITAL—READ ONLY,183,FFFF F180 83D0,FFFFF18083D0,8,M,explicit,Module 15: Off-latch state. 0 = Off; 1 = On
hd_digital_read,HIGH-DENSITY DIGITAL—READ ONLY,183,FFFF F180 83D8,FFFFF18083D8,28,–,explicit,Module 15: Reserved
hd_digital_read,HIGH-DENSITY DIGITAL—READ ONLY,183,FFFF F180 9000,FFFFF1809000,4,UI,explicit,"Module 0, Channel 0 (0,0): Counter value"
hd_digital_read,HIGH-DENSITY DIGITAL—READ ONLY,183,FFFF F180 9004,FFFFF1809004,4,UI,explicit,"0,1: Counter value"
hd_digital_read,HIGH-DENSITY DIGITAL—READ ONLY,183,FFFF F180 9008,FFFFF1809008,4,UI,explicit,"0,2: Counter value Additional channels follow in order on even 4 hex boundaries."
hd_digital_read,HIGH-DENSITY DIGITAL—READ ONLY,183,FFFF F180 9100,FFFFF1809100,4,UI,explicit,"1,0: Counter value"
hd_digital_read,HIGH-DENSITY DIGITAL—READ ONLY,183,FFFF F180 9104,FFFFF1809104,4,UI,explicit,"1,1: Counter value"
hd_digital_read,HIGH-DENSITY DIGITAL—READ ONLY,183,FFFF F180 9108,FFFFF1809108,4,UI,explicit,"1,2; Counter value Additional channels and modules follow in order."
hd_digital_read,HIGH-DENSITY DIGITAL—READ ONLY,183,FFFF F180 9F00,FFFFF1809F00,4,UI,explicit,"15,0: Counter value Last valid address for this area: FFFF F180 9FFE PR1/2 RIO PAC-R EB SB UIO EIO SIO"
hd_digital_read_clear,HIGH-DENSITY DIGITAL READ AND CLEAR—READ/WRITE,184,FFFF F180 A000,FFFFF180A000,8,M,explicit,"Module 0: On-latch state. Reading: 0 = Off; 1 = On Writing: 0 = Ignore, 1 = Clear"
hd_digital_read_clear,HIGH-DENSITY DIGITAL READ AND CLEAR—READ/WRITE,184,FFFF F180 A008,FFFFF180A008,8,M,explicit,"Module 0: Off-latch state. 0 = Off; 1 = On Writing: 0 = Ignore, 1 = Clear"
hd_digital_read_clear,HIGH-DENSITY DIGITAL READ AND CLEAR—READ/WRITE,184,FFFF F180 A010,FFFFF180A010,10,–,explicit,Module 0: Reserved
hd_digital_read_clear,HIGH-DENSITY DIGITAL READ AND CLEAR—READ/WRITE,184,FFFF F180 A020,FFFFF180A020,8,M,explicit,"Module 1: On-latch state. 0 = Off; 1 = On Writing: 0 = Ignore, 1 = Clear"
hd_digital_read_clear,HIGH-DENSITY DIGITAL READ AND CLEAR—READ/WRITE,184,FFFF F180 A028,FFFFF180A028,8,M,explicit,"Module 1: Off-latch state. 0 = Off; 1 = On Writing: 0 = Ignore, 1 = Clear"
hd_digital_read_clear,HIGH-DENSITY DIGITAL READ AND CLEAR—READ/WRITE,184,FFFF F180 A030,FFFFF180A030,10,–,explicit,Module 1: Reserved Additional modules follow in order on even 20 hex boundaries.
hd_digital_read_clear,HIGH-DENSITY DIGITAL READ AND CLEAR—READ/WRITE,184,FFFF F180 A1E0,FFFFF180A1E0,8,M,explicit,"Module 15: On-latch state. 0 = Off; 1 = On Writing: 0 = Ignore, 1 = Clear"
hd_digital_read_clear,HIGH-DENSITY DIGITAL READ AND CLEAR—READ/WRITE,184,FFFF F180 A1E8,FFFFF180A1E8,8,M,explicit,"Module 15: Off-latch state. 0 = Off; 1 = On Writing: 0 = Ignore, 1 = Clear"
hd_digital_read_clear,HIGH-DENSITY DIGITAL READ AND CLEAR—READ/WRITE,184,FFFF F180 A1F0,FFFFF180A1F0,10,–,explicit,Module 15: Reserved
hd_digital_read_clear,HIGH-DENSITY DIGITAL READ AND CLEAR—READ/WRITE,184,FFFF F180 B000,FFFFF180B000,4,UI,explicit,"Module 0, Channel 0 (0,0): Returns counter value and sets counter to zero."
hd_digital_read_clear,HIGH-DENSITY DIGITAL READ AND CLEAR—READ/WRITE,184,FFFF F180 B004,FFFFF180B004,4,UI,explicit,"0,1: Returns counter value and sets counter to zero."
hd_digital_read_clear,HIGH-DENSITY DIGITAL READ AND CLEAR—READ/WRITE,184,FFFF F180 B008,FFFFF180B008,4,UI,explicit,"0,2: Returns counter value and sets counter to zero. Additional channels follow in order on even 4 hex boundaries."
hd_digital_read_clear,HIGH-DENSITY DIGITAL READ AND CLEAR—READ/WRITE,184,FFFF F180 B100,FFFFF180B100,4,UI,explicit,"1,0: Returns counter value and sets counter to zero."
hd_digital_read_clear,HIGH-DENSITY DIGITAL READ AND CLEAR—READ/WRITE,184,FFFF F180 B104,FFFFF180B104,4,UI,explicit,"1,1: Returns counter value and sets counter to zero."
hd_digital_read_clear,HIGH-DENSITY DIGITAL READ AND CLEAR—READ/WRITE,184,FFFF F180 B108,FFFFF180B108,4,UI,explicit,"1,2: Returns counter value and sets counter to zero. Additional channels and modules follow in order."
hd_digital_read_clear,HIGH-DENSITY DIGITAL READ AND CLEAR—READ/WRITE,184,FFFF F180 BF00,FFFFF180BF00,4,UI,explicit,"15,0: Returns counter value and sets counter to zero. Last valid address for this area: FFFF F180 BFFE PR1/2 RIO PAC-R EB SB UIO EIO SIO"
hd_digital_write,PID CONFIGURATION AND STATUS—READ/WRITE,185,FFFF F180 C000,FFFFF180C000,8,M,explicit,Module 0: On mask (bitmask representing channels to turn on.) 1 = Turn on; 0 = Ignore
hd_digital_write,PID CONFIGURATION AND STATUS—READ/WRITE,185,FFFF F180 C008,FFFFF180C008,8,M,explicit,Module 0: Off mask (bitmask representing channels to turn off.) 1 = Turn off; 0 = Ignore
hd_digital_write,PID CONFIGURATION AND STATUS—READ/WRITE,185,FFFF F180 C010,FFFFF180C010,30,–,explicit,Module 0: Reserved
hd_digital_write,PID CONFIGURATION AND STATUS—READ/WRITE,185,FFFF F180 C040,FFFFF180C040,8,M,explicit,Module 1: On mask (bitmask representing channels to turn on.) 1 = Turn on; 0 = Ignore
hd_digital_write,PID CONFIGURATION AND STATUS—READ/WRITE,185,FFFF F180 C048,FFFFF180C048,8,M,explicit,Module 1: Off mask (bitmask representing channels to turn off.) 1 = Turn off; 0 = Ignore
hd_digital_write,PID CONFIGURATION AND STATUS—READ/WRITE,185,FFFF F180 C050,FFFFF180C050,30,–,explicit,Module 1: Reserved Additional modules follow in order on even 40 hex boundaries.
hd_digital_write,PID CONFIGURATION AND STATUS—READ/WRITE,185,FFFF F180 C3C0,FFFFF180C3C0,8,M,explicit,Module 15: On mask (bitmask representing channels to turn on.) 1 = Turn on; 0 = Ignore
hd_digital_write,PID CONFIGURATION AND STATUS—READ/WRITE,185,FFFF F180 C3C8,FFFFF180C3C8,8,M,explicit,Module 15: Off mask (bitmask representing channels to turn off.) 1 = Turn off; 0 = Ignore
hd_digital_write,PID CONFIGURATION AND STATUS—READ/WRITE,185,FFFF F180 C3D0,FFFFF180C3D0,30,–,explicit,Module 15: Reserved Last valid address for this area: FFFF F180 C3FE PR1/2 RIO PAC-R EB SB UIO EIO SIO
pid_status,PID CONFIGURATION AND STATUS—READ/WRITE,185,FFFF F200 0000,FFFFF2000000,4,F,explicit,PID 0: Current value for Error (Input – Setpoint) PR1/2 RIO PAC-R EB SB UIO EIO
pid_status,PID CONFIGURATION AND STATUS—READ/WRITE,186,FFFF F200 0004,FFFFF2000004,4,F,explicit,PID 0: Current value for P (gain) contribution
pid_status,PID CONFIGURATION AND STATUS—READ/WRITE,186,FFFF F200 0008,FFFFF2000008,4,F,explicit,PID 0: Current value for I (integral) contribution
pid_status,PID CONFIGURATION AND STATUS—READ/WRITE,186,FFFF F200 000C,FFFFF200000C,4,F,explicit,PID 0: Current value for D (derivative) contribution
pid_status,PID CONFIGURATION AND STATUS—READ/WRITE,186,FFFF F200 0010,FFFFF2000010,4,F,explicit,PID 0: Current value for Integral
pid_status,PID CONFIGURATION AND STATUS—READ/WRITE,186,FFFF F200 0014,FFFFF2000014,14,–,explicit,Reserved for internal use
pid_status,PID CONFIGURATION AND STATUS—READ/WRITE,186,FFFF F200 0028,FFFFF2000028,4,UI,explicit,PID 0: Scan counter
pid_status,PID CONFIGURATION AND STATUS—READ/WRITE,186,FFFF F200 002C,FFFFF200002C,4,UI,explicit,PID 0: Status flags: 1 = Input is below Input low scale; 2 = Input is above Input high scale; 4 = Output has been forced to a predetermined level because input is out of range.
pid_status,PID CONFIGURATION AND STATUS—READ/WRITE,186,FFFF F200 0030,FFFFF2000030,4,UI,explicit,PID 0: Status bits ON. Used to control individual Status flag bits. Write a 1 to turn the bit on.
pid_status,PID CONFIGURATION AND STATUS—READ/WRITE,186,FFFF F200 0034,FFFFF2000034,4,UI,explicit,PID 0: Status bits OFF. Used to control individual Status flag bits. Write a 1 to clear the bit.
pid_status,PID CONFIGURATION AND STATUS—READ/WRITE,186,FFFF F200 0038,FFFFF2000038,4,F,explicit,PID 0: Input value used for the last calculation. Read-only; do not write.
pid_status,PID CONFIGURATION AND STATUS—READ/WRITE,186,FFFF F200 003C,FFFFF200003C,14,–,explicit,Reserved
pid_status,PID CONFIGURATION AND STATUS—READ/WRITE,186,FFFF F200 0050,FFFFF2000050,4,F,explicit,PID 1: Current value for Error (Input – Setpoint)
pid_status,PID CONFIGURATION AND STATUS—READ/WRITE,186,FFFF F200 0054,FFFFF2000054,4,F,explicit,PID 1: Current value for P (gain) contribution
pid_status,PID CONFIGURATION AND STATUS—READ/WRITE,186,FFFF F200 0058,FFFFF2000058,4,F,explicit,PID 1: Current value for I (integral) contribution
pid_status,PID CONFIGURATION AND STATUS—READ/WRITE,186,FFFF F200 005C,FFFFF200005C,4,F,explicit,PID 1: Current value for D (derivative) contribution
pid_status,PID CONFIGURATION AND STATUS—READ/WRITE,186,FFFF F200 0060,FFFFF2000060,4,F,explicit,PID 1: Current value for Integral
pid_status,PID CONFIGURATION AND STATUS—READ/WRITE,186,FFFF F200 0064,FFFFF2000064,14,–,explicit,Reserved for internal use
pid_status,PID CONFIGURATION AND STATUS—READ/WRITE,186,FFFF F200 0078,FFFFF2000078,4,UI,explicit,PID 1: Scan counter
pid_status,PID CONFIGURATION AND STATUS—READ/WRITE,186,FFFF F200 007C,FFFFF200007C,4,UI,explicit,PID 1: Status flags: 1 = PV low; 2 = PV high; 4 = output forced
pid_status,PID CONFIGURATION AND STATUS—READ/WRITE,186,FFFF F200 0080,FFFFF2000080,4,UI,explicit,PID 1: Status bits ON. Used to control individual Status flag bits. Write a 1 to turn the bit on.
pid_status,PID CONFIGURATION AND STATUS—READ/WRITE,186,FFFF F200 0084,FFFFF2000084,4,UI,explicit,PID 1: Status bits OFF. Used to control individual Status flag bits. Write a 1 to clear the bit.
pid_status,PID CONFIGURATION AND STATUS—READ/WRITE,186,FFFF F200 0088,FFFFF2000088,4,F,explicit,PID 1: Input value used for the last calculation. Read-only; do not write.
pid_status,PID CONFIGURATION AND STATUS—READ/WRITE,186,FFFF F200 008C,FFFFF200008C,14,–,explicit,Reserved Additional PIDs follow in order on even 50 hex boundaries. See additional PID addresses in the table below.) Last valid address for this area: FFFF F200 2EDF This area is stored to flash.
pid_config,PID CONFIGURATION AND STATUS—READ/WRITE,187,FFFF F210 0000,FFFFF2100000,4,F,explicit,"PID 0: Input or process variable (PV) value. If the value at memory map address F2100044 is not zero, the value at that address is copied into this location prior to each PID calculation. If the value at memory map address F2100044 is zero, the input value must be written directly to this location by an application."
pid_config,PID CONFIGURATION AND STATUS—READ/WRITE,187,FFFF F210 0004,FFFFF2100004,4,F,explicit,"PID 0: Setpoint value. If the value at memory map address F2100048 is not zero, the value at that address is copied into this location prior to each PID calculation."
pid_config,PID CONFIGURATION AND STATUS—READ/WRITE,187,FFFF F210 0008,FFFFF2100008,4,F,explicit,PID 0: Current value of feed forward
pid_config,PID CONFIGURATION AND STATUS—READ/WRITE,187,FFFF F210 000C,FFFFF210000C,4,F,explicit,PID 0: Current value of Output
pid_config,PID CONFIGURATION AND STATUS—READ/WRITE,187,FFFF F210 0010,FFFFF2100010,4,F,explicit,"PID 0: Tuning: P (Gain) value. Should be positive for cooling, negative for heating."
pid_config,PID CONFIGURATION AND STATUS—READ/WRITE,187,FFFF F210 0014,FFFFF2100014,4,F,explicit,"PID 0: Tuning: I (Integral) value, in units of one per second. Increase value to increase contribution."
pid_config,PID CONFIGURATION AND STATUS—READ/WRITE,187,FFFF F210 0018,FFFFF2100018,4,F,explicit,"PID 0: Tuning: D (Derivative) value, in seconds. Increase value to increase contribution."
pid_config,PID CONFIGURATION AND STATUS—READ/WRITE,187,FFFF F210 001C,FFFFF210001C,4,F,explicit,PID 0: Tuning: Feed forward gain
pid_config,PID CONFIGURATION AND STATUS—READ/WRITE,187,FFFF F210 0020,FFFFF2100020,4,F,explicit,PID 0: Configuration: Maximum output change allowed. Zero disables this feature.
pid_config,PID CONFIGURATION AND STATUS—READ/WRITE,187,FFFF F210 0024,FFFFF2100024,4,F,explicit,PID 0: Configuration: Minimum output change allowed. Zero disables this feature.
pid_config,PID CONFIGURATION AND STATUS—READ/WRITE,187,FFFF F210 0028,FFFFF2100028,4,F,explicit,PID 0: Scaling: Input low range
pid_config,PID CONFIGURATION AND STATUS—READ/WRITE,187,FFFF F210 002C,FFFFF210002C,4,F,explicit,PID 0: Scaling: Input high range
pid_config,PID CONFIGURATION AND STATUS—READ/WRITE,187,FFFF F210 0030,FFFFF2100030,4,F,explicit,PID 0: Scaling: Output lower clamp
pid_config,PID CONFIGURATION AND STATUS—READ/WRITE,187,FFFF F210 0034,FFFFF2100034,4,F,explicit,PID 0: Scaling: Output upper clamp
pid_config,PID CONFIGURATION AND STATUS—READ/WRITE,187,FFFF F210 0038,FFFFF2100038,4,F,explicit,PID 0: Configuration: PID scan time in seconds. Minimum value is 0.001 (1 millisecond).
pid_config,PID CONFIGURATION AND STATUS—READ/WRITE,187,FFFF F210 003C,FFFFF210003C,4,F,explicit,"PID 0: Configuration: If Input (PV) is below low range, output is set to this value."
pid_config,PID CONFIGURATION AND STATUS—READ/WRITE,187,FFFF F210 0040,FFFFF2100040,4,F,explicit,"PID 0: Configuration: If Input (PV) is above high range, output is set to this value."
pid_config,PID CONFIGURATION AND STATUS—READ/WRITE,187,FFFF F210 0044,FFFFF2100044,4,UI,explicit,"PID 0: Input memory map address for PID input or cascading PIDs. Specifies the memory map address from which the input value is copied to F2100000 prior to each PID calculation. If this address is 0, no input value is copied, and the input value must be written directly to F2100000 by an application. Use 0 when the supervisory system supplies or processes this value."
pid_config,PID CONFIGURATION AND STATUS—READ/WRITE,187,FFFF F210 0048,FFFFF2100048,4,UI,explicit,"PID 0: For cascading PIDs. Specifies the memory map address from which the setpoint value is copied to F2100004 prior to each PID calculation. If this address is 0, no setpoint value is copied, and the setpoint value must be written directly to F2100004 by an application. Use 0 when supervisory system supplies or processes this value."
pid_config,PID CONFIGURATION AND STATUS—READ/WRITE,188,FFFF F210 004C,FFFFF210004C,4,UI,explicit,"PID 0: For cascading PIDs. Specifies the memory map address to which the output value is written after each PID calculation. If this address is 0, the output value is not written. Use 0 when supervisory system supplies or processes this value."
pid_config,PID CONFIGURATION AND STATUS—READ/WRITE,188,FFFF F210 0050,FFFFF2100050,4,UI,explicit,PID 0: Configuration: Algorithm choice. 0 = PID disabled 1 = Velocity algorithm (Type B; deprecated) 2 = ISA algorithm (Obsolete) 3 = Parallel algorithm (Obsolete) 4 = Interacting algorithm (Obsolete) 5 = Velocity algorithm (Type C; SNAP firmware R8.5e and higher) 6 = ISA algorithm (SNAP firmware R9.4c or higher) 7 = Parallel algorithm (SNAP firmware R9.4c or higher) 8 = Interaction algorithm (SNAP firmware R9.4c or higher)
pid_config,PID CONFIGURATION AND STATUS—READ/WRITE,188,FFFF F210 0054,FFFFF2100054,4,UI,explicit,PID 0: Configuration: Manual mode. 1 = Yes; 0 = No
pid_config,PID CONFIGURATION AND STATUS—READ/WRITE,188,FFFF F210 0058,FFFFF2100058,4,UI,explicit,PID 0: Configuration flags: 1 = Enable square root of Input. 2 = Force output when Input is out of range. Set range in addresses F210 0028 and F210 002C. 4 = Switch to manual mode when input goes out of range.
pid_config,PID CONFIGURATION AND STATUS—READ/WRITE,188,FFFF F210 005C,FFFFF210005C,4,UI,explicit,PID 0: Configuration bits ON. Used to control individual Configuration flag bits. Write a 1 to turn the bit on.
pid_config,PID CONFIGURATION AND STATUS—READ/WRITE,188,FFFF F210 0060,FFFFF2100060,4,UI,explicit,PID 0: Configuration bits OFF. Used to control individual Configuration flag bits. Write a 1 to clear the bit.
pid_config,PID CONFIGURATION AND STATUS—READ/WRITE,188,FFFF F210 0064,FFFFF2100064,4,F,explicit,PID 0: Current value at the memory map address from which the input value is copied.
pid_config,PID CONFIGURATION AND STATUS—READ/WRITE,188,FFFF F210 0068,FFFFF2100068,4,F,explicit,PID 0: Current value at the memory map address from which the setpoint value is copied.
pid_config,PID CONFIGURATION AND STATUS—READ/WRITE,188,FFFF F210 006C,FFFFF210006C,14,–,explicit,Reserved
pid_config,PID CONFIGURATION AND STATUS—READ/WRITE,188,FFFF F210 0080,FFFFF2100080,4,F,explicit,"PID 1: Input or process variable (PV) value. If the value at memory map address F21000C4 is not zero, the value at that address is copied into this location prior to each PID calculation."
pid_config,PID CONFIGURATION AND STATUS—READ/WRITE,188,FFFF F210 0084,FFFFF2100084,4,F,explicit,"PID 1: Setpoint value. If the value at memory map address F21000C8 is not zero, the value at that address is copied into this location prior to each PID calculation."
pid_config,PID CONFIGURATION AND STATUS—READ/WRITE,188,FFFF F210 0088,FFFFF2100088,4,F,explicit,PID 1: Current value of feed forward
pid_config,PID CONFIGURATION AND STATUS—READ/WRITE,188,FFFF F210 008C,FFFFF210008C,4,F,explicit,PID 1: Current value of Output
pid_config,PID CONFIGURATION AND STATUS—READ/WRITE,188,FFFF F210 0090,FFFFF2100090,4,F,explicit,"PID 1: Tuning: P (Gain) value. Should be positive for cooling, negative for heating."
pid_config,PID CONFIGURATION AND STATUS—READ/WRITE,188,FFFF F210 0094,FFFFF2100094,4,F,explicit,"PID 1: Tuning: I (Integral) value, in units of one per second. Increase value to increase contribution."
pid_config,PID CONFIGURATION AND STATUS—READ/WRITE,188,FFFF F210 0098,FFFFF2100098,4,F,explicit,"PID 1: Tuning: D (Derivative) value, in seconds. Increase value to increase contribution."
pid_config,PID CONFIGURATION AND STATUS—READ/WRITE,188,FFFF F210 009C,FFFFF210009C,4,F,explicit,PID 1: Tuning: Feed forward gain
pid_config,PID CONFIGURATION AND STATUS—READ/WRITE,188,FFFF F210 00A0,FFFFF21000A0,4,F,explicit,PID 1: Configuration: Maximum output change allowed. Zero disables this feature.
pid_config,PID CONFIGURATION AND STATUS—READ/WRITE,188,FFFF F210 00A4,FFFFF21000A4,4,F,explicit,PID 1: Configuration: Minimum output change allowed. Zero disables this feature.
pid_config,PID CONFIGURATION AND STATUS—READ/WRITE,189,FFFF F210 00A8,FFFFF21000A8,4,F,explicit,PID 1: Scaling: Input low range
pid_config,PID CONFIGURATION AND STATUS—READ/WRITE,189,FFFF F210 00AC,FFFFF21000AC,4,F,explicit,PID 1: Scaling: Input high range
pid_config,PID CONFIGURATION AND STATUS—READ/WRITE,189,FFFF F210 00B0,FFFFF21000B0,4,F,explicit,PID 1: Scaling: Output lower clamp
pid_config,PID CONFIGURATION AND STATUS—READ/WRITE,189,FFFF F210 00B4,FFFFF21000B4,4,F,explicit,PID 1: Scaling: Output upper clamp
pid_config,PID CONFIGURATION AND STATUS—READ/WRITE,189,FFFF F210 00B8,FFFFF21000B8,4,F,explicit,PID 1: Configuration: PID scan time in seconds. Minimum value is 0.001 (1 millisecond).
pid_config,PID CONFIGURATION AND STATUS—READ/WRITE,189,FFFF F210 00BC,FFFFF21000BC,4,F,explicit,"PID 1: Configuration: If Input (PV) is below low range, output is set to this value."
pid_config,PID CONFIGURATION AND STATUS—READ/WRITE,189,FFFF F210 00C0,FFFFF21000C0,4,F,explicit,"PID 1: Configuration: If Input (PV) is above high range, output is set to this value."
pid_config,PID CONFIGURATION AND STATUS—READ/WRITE,189,FFFF F210 00C4,FFFFF21000C4,4,UI,explicit,"PID 1: Input memory map address for PID input or cascading PIDs. Specifies the memory map address from which the input value is copied to F2100000 prior to each PID calculation. If this address is 0, no input value is copied, and the input value must be written directly to F2100038 by an application. Use 0 when supervisory system supplies or processes this value."
pid_config,PID CONFIGURATION AND STATUS—READ/WRITE,189,FFFF F210 00C8,FFFFF21000C8,4,UI,explicit,"PID 1: For cascading PIDs. Specifies the memory map address from which the setpoint value is copied to F2100084 prior to each PID calculation. If this address is 0, no setpoint value is copied, and the setpoint value must be written directly to F2100084 by an application. Use 0 when supervisory system supplies or processes this value."
pid_config,PID CONFIGURATION AND STATUS—READ/WRITE,189,FFFF F210 00CC,FFFFF21000CC,4,UI,explicit,"PID 1: For cascading PIDs. Specifies the memory map address to which the output value is written after each PID calculation. If this address is 0, the output value is not written. Use 0 when supervisory system supplies or processes this value."
pid_config,PID CONFIGURATION AND STATUS—READ/WRITE,189,FFFF F210 00D0,FFFFF21000D0,4,UI,explicit,PID 1: Configuration: Algorithm choice. 0 = PID disabled 1 = Velocity algorithm (Type B; deprecated) 2 = ISA algorithm (Obsolete) 3 = Parallel algorithm (Obsolete) 4 = Interacting algorithm (Obsolete) 5 = Velocity algorithm (Type C; SNAP firmware R8.5e and higher) 6 = ISA algorithm (SNAP firmware R9.4c or higher) 7 = Parallel algorithm (SNAP firmware R9.4c or higher) 8 = Interaction algorithm (SNAP firmware R9.4c or higher)
pid_config,PID CONFIGURATION AND STATUS—READ/WRITE,189,FFFF F210 00D4,FFFFF21000D4,4,UI,explicit,PID 1: Configuration: Manual mode. 1 = Yes; 0 = No
pid_config,PID CONFIGURATION AND STATUS—READ/WRITE,189,FFFF F210 00D8,FFFFF21000D8,4,UI,explicit,PID 1: Configuration flags: 1 = Enable square root of Input. 2 = Force output when Input is out of range. Set range at addresses F210 00A8 and F210 00AC. 4 = Switch to manual mode when input goes out of range.
pid_config,PID CONFIGURATION AND STATUS—READ/WRITE,189,FFFF F210 00DC,FFFFF21000DC,4,UI,explicit,PID 1: Configuration bits ON. Used to control individual Configuration flag bits. Write a 1 to turn the bit on.
pid_config,PID CONFIGURATION AND STATUS—READ/WRITE,189,FFFF F210 00E0,FFFFF21000E0,4,UI,explicit,PID 1: Configuration bits OFF. Used to control individual Configuration flag bits. Write a 1 to clear the bit.
pid_config,PID CONFIGURATION AND STATUS—READ/WRITE,189,FFFF F210 00E4,FFFFF21000E4,4,F,explicit,PID 1: Current value at the memory map address from which the input value is copied.
pid_config,PUBLIC TAG CONFIGURATION—READ/WRITE,190,FFFF F210 00E8,FFFFF21000E8,4,F,explicit,PID 1: Current value at the memory map address from which the setpoint value is copied.
pid_config,PUBLIC TAG CONFIGURATION—READ/WRITE,190,FFFF F210 00EC,FFFFF21000EC,14,–,explicit,"Reserved Additional PIDs follow in order on even 80 hex boundaries. Last valid address for this area: FFFF F210 47FF Discrete values Description 0 State (Read) For a tag to be public, this value must be 1. All values are readable. 1 Writeable When this bit is set, all values are writeable. 2 On-Latch When writeable, a write clears the on-latch. 3 Off-Latch When writeable, a write clears the off-latch. 4 Counter When writeable, a write clears the counter. 5–31 reserved Analog values Description 0 State (Read) For a tag to be public, this value must be 1. All values are readable. 1 Writeable When this bit is set, all values are writeable. 2 Maximum When writeable, a write clears the analog maximum value. 3 Minimum When writeable, a write clears the analog minimum value. 4 Analog Quality 5–31 reserved"
public_tags,PUBLIC TAG CONFIGURATION—READ/WRITE,190,FFFF F228 0000,FFFFF2280000,4,UI,explicit,"Module 0, Channel 0; Bitmask I/O attributes. Area is stored to Flash."
public_tags,PUBLIC TAG CONFIGURATION—READ/WRITE,190,FFFF F228 0004,FFFFF2280004,4,F,explicit,"Module 0, Channel 0; Analog value deadband. The amount of change before an update is published."
public_tags,PUBLIC TAG CONFIGURATION—READ/WRITE,190,FFFF F228 0008,FFFFF2280008,78,--,explicit,"Module 0, Channel 0; Reserved (120 bytes)"
public_tags,PUBLIC TAG CONFIGURATION—READ/WRITE,190,FFFF F228 0080,FFFFF2280080,4,UI,explicit,"Module 0, Channel 1; Bitmask I/O attributes PR1/2 RIO"
public_tags,DATA LOGGING CONFIGURATION—READ/WRITE,191,FFFF F228 0084,FFFFF2280084,4,F,explicit,"Module 0, Channel 1; Analog value deadband. The amount of change before an update is published"
public_tags,DATA LOGGING CONFIGURATION—READ/WRITE,191,FFFF F228 0088,FFFFF2280088,78,--,explicit,"Module 0, Channel 1; Reserved (120 bytes) Additional modules and channels follow in order on even 80 hex boundaries. Last valid address for this area: FFFF F228 FFFF FFFF F2290000 4 UI Public tag version number. Automatically incremented by the OptoMMP command processor each time any area of 0xF2280000 changes, or if the channel's name or units changes. Value is not persistent; it resets when the I/O unit restarts."
module_build,MODULE BUILD DATA–READ ONLY,126,FFFF F811 0000,FFFFF8110000,4,UI,explicit,"0,0: Module 0. Module type. For a list of module type codes, see page 25."
module_build,MODULE BUILD DATA–READ ONLY,126,FFFF F811 0004,FFFFF8110004,4,UI,explicit,Reserved PR1/2 RIO
module_build,QUALITY OF DATA–READ ONLY,127,FFFF F811 0008,FFFFF8110008,4,UI,explicit,"Firmware mode. For kernel mode, returns 0x6B or k. For loader mode, returns 0x6C or l."
module_build,QUALITY OF DATA–READ ONLY,127,FFFF F811 000C,FFFFF811000C,4,UI,explicit,Manufacturer’s serial number.
module_build,QUALITY OF DATA–READ ONLY,127,FFFF F811 0010,FFFFF8110010,4,–,explicit,Hardware revision • 1st byte: Month • 2nd byte: Day • 16-bit word: Year
module_build,QUALITY OF DATA–READ ONLY,127,FFFF F811 0014,FFFFF8110014,28,–,explicit,"Loader revision • 32-bit double word: Program number • Byte: Major version number • Byte: Minor version number • Byte: Build type. 0 = Alpha, 1 = Beta, 2 = Release • Byte: Maintenance letter. 0 = a, 1 = b, and so forth • 10-byte string: Version Date MM/DD/YYYY • 8-byte string: Version Time HH:MM:SS (24-hour)"
module_build,QUALITY OF DATA–READ ONLY,127,FFFF F811 003C,FFFFF811003C,28,–,explicit,"Firmware (kernel) revision • 32-bit double word: Program number • Byte: Major version number • Byte: Minor version number • Byte: Build type. 0 = Alpha, 1 = Beta, 2 = Release • Byte: Maintenance letter. 0 = a, 1 = b, and so forth • 10-byte string: Version Date MM/DD/YYYY • 8-byte string: Version Time HH:MM:SS (24-hour)"
module_build,QUALITY OF DATA–READ ONLY,127,FFFF F811 0064,FFFFF8110064,4,–,explicit,Reserved Additional modules follow in order on 80 hex boundaries. Last valid address for this area: FFFF F811 07FF At address: F1002000 F1002007 These bit numbers: 7 6 5 4 3 2 1 0 7 6 5 4 3 2 1 0 Show data for these modules: 63 62 61 60 59 58 57 56 7 6 5 4 3 2 1 0 PR1/2 RIO
